,trackName,count
1630,Home,124
4734,i don't miss u,106
3381,She,99
1974,In Love Now,98
1325,Get Me,92
4396,When You Love Someone,91
534,Broken,90
2028,Is It Just Me?,90
4584,You're Everywhere,87
442,Black & Blue,85
2008,Insanity,84
4141,Tuesdays,83
1570,Hey It's Delilah,82
2985,Pancakes for Dinner,81
2201,Last Time,81
4529,Yellow Lights,81
46,323,80
3340,Seasons Change,79
2832,Nothing Ever Changes,76
148,All I Want,74
1275,Free,73
2264,Letter From Last Summer,71
4540,You Are Gold,68
679,Chosen Last,67
4466,Wilderness,67
3546,Sometimes,66
309,Back to Friends,66
1880,I'll Be There,65
3075,Please Never Fall in Love Again,64
3153,Reason To Stay,64
4730,i (I'll always be there),63
1920,IDK You Yet,60
3567,Sorry That I Do That,60
1874,I'd Pick You,59
26,1953,59
562,By Your Side,58
1660,House,57
1494,Hard Sometimes,57
3043,Picture Of You,56
2637,Mother Tongue,56
1857,I Will Spend My Whole Life Loving You,56
461,Blue,55
3715,Superhero,54
548,Burden,54
3822,That's Us,53
1348,Girl in Calico Live with Skylight City String Quartet,53
2170,Köln,53
766,Coping,52
1253,Forever And Always,52
4746,i luv him.,52
2861,October,52
4535,You & Me,52
1353,Give It All,52
4533,You,51
2919,Only Girl,51
3451,Skinny Love,50
3057,Place We Were Made,49
2181,La Reyna,49
1207,Five Foot Three,49
1143,Favourite Ex,49
2552,Medicine,49
4504,Work Off My Hurt,49
4065,Time,48
3076,Please Notice,48
2750,Next to You,48
3682,Suffocate,47
1665,House of Glass,47
261,Are you happy?,47
2894,On Your Mind,47
2664,Murakami,46
1436,Grow As We Go,46
4147,Twenty Two,46
736,Come Home,46
4877,the author,46
3471,Slow Motion,45
2991,Paper Planes,45
2571,Miles Apart,45
360,Beautiful World,45
4161,Two Summers,44
821,Dancing With Your Ghost,44
4366,What We Had,44
4160,Two Punks In Love,44
3085,Portland,43
405,Better,43
1893,I'll Stay (Carla's Song),43
2481,Macaroni Song,43
469,Blvd,43
976,Ease,43
3793,Tears Come From The Heart,43
255,Apple Pie,42
3212,Riptide,42
4120,Tragedy Is Not the End,42
4569,You Shine,42
887,Dirt,42
3428,Silhouette,42
909,"Don't Give Up On Me - (From ""Five Feet Apart"")",42
2761,No Air,42
4749,i wanna love somebody,42
2862,October - Live,42
411,Better Place,42
2359,Lookout Mtn. Love,42
1512,Head & Heart,41
3438,Since Saturday,41
342,Be Still,41
4275,Waste My Time,40
4737,i don't want to watch the world end with someone else,40
3675,Stupid Deep - Acoustic,40
3245,Rosie,40
1388,Gone,40
310,Back to You,40
2265,Letters,40
3430,Silhouettes & Sand,40
220,Anchor,40
2880,Old Eden,39
4284,Watching You,39
707,Closure,39
2089,Joshua Tree,39
1730,I Built A Friend (2020),39
649,Changes,38
191,Alone with You,38
885,Different Eyes,38
3837,The Best You Had,38
4665,dance around,38
4011,This Could Be,38
3529,Someone Like You,37
2763,No Cigar,37
591,Call Your Girlfriend,37
1213,Flashbacks,37
3909,The Mason,37
2411,Love Like This,37
4880,the first one,37
2443,Love's a Waste,37
1290,From Afar,36
1109,Falling Apart,36
177,All the Bright Places,36
1495,Hard To Do,36
40,3 AM,35
4770,justacow (demo3),35
4754,i'm lonely,35
2145,Kilimanjaro,35
1613,Hold On to You,35
3770,"Take Yours, I'll Take Mine",35
2560,Mess Is Mine,35
2626,More Than Fish,35
3176,Remember That Night?,35
701,Close To You,35
1058,Everyone’s Got Something,34
1900,I'm Not Here (Original Score),34
2757,Nightlight,34
1744,I Don't Care,34
706,Closing Time,34
1426,Gravity,34
3441,Singing in the Rain,34
43,"30,000 Feet",34
1465,Half In Love,34
3879,The Girl You Call Best Friend,34
3748,T-Shirts,33
3062,Play Pretend,33
3257,Runneth Over,33
3404,Ship in a Bottle,33
567,CLEAR,33
856,Dear No One (feat. Spencer Kane & Brooke),33
287,Autumn's Song,33
4518,Would You Be So Kind,33
367,Bedroom Ceiling,33
2446,Loved At All,33
174,All of Your Colours,32
4742,i hope you love somebody - demo,32
2285,Light Year (feat. Lennon Stella),32
4489,Without You,32
3097,Pretending,32
4515,Worth My While,32
643,Champion,32
4171,Unconditional,32
3769,Take Yours,32
2557,Memphis,31
4119,Traffic Lights,31
2316,Line Without a Hook (feat. mxmtoon),31
3792,Tears,31
3202,Rich Boy,31
2899,Once in a Lifetime,31
799,Crying Game,31
1374,Go,31
1864,I Wish It Was Me,31
4702,forever fifteen,31
2177,LEMONS - Demo,31
1284,Friendly Dark,31
4769,just like you - demo,31
1493,Hard Act To Follow,30
1979,In My Bones,30
3875,The Further I Go,30
4586,You're My Girl (Lost Recording #6),30
2361,Lose My Mind - Acoustic,30
4247,Wake Me Up,30
1529,Heart's On Fire,30
4652,can you hear me?,30
1502,Haunt You (feat. chloe moriondo),30
1147,Fear of Fear,30
1460,Hailey,30
1933,If I Could,30
4646,"broken - live from london, studio two",29
2344,London,29
4819,"print(""i'm so tired"")",29
962,Drop Dead,29
147,All I Need,29
876,Did You Ever Hurt for Me?,29
1575,Hey There Delilah,29
2818,Not Who We Were,29
3835,The Best Is Yet To Come,29
4269,"Warm Me, Winter",29
2902,One Day,29
3839,The Black and White,28
2158,Kiss Me Slowly,28
3338,Seasons,28
2736,Never the 1,28
4709,golden thing,28
126,Afterglow,28
1041,Evergreen,28
2299,Like My Father,28
2989,Paper Hearts (feat. Bailey Jehl),28
196,Already Mine,28
3945,The Story Never Ends,28
4038,This Town,27
2073,Jar of Hearts,27
1800,I Lived,27
4862,stones around the sun,27
4394,When We Were Young,27
1010,Empty,27
4618,after goodbye,27
1209,Fix It to Break It,27
2890,Omg Did She Call Him Baby?,27
3020,People Change,27
3023,Perfect,27
3673,Stuck With You - Acoustic,27
2077,Jen's Song,26
3251,Rules of Beautiful,26
817,Dancing In The Minefields,26
933,Don't Wanna Stay,26
4220,Venice (Acoustic),26
3287,Salt,26
2534,Maybe Don't (feat. JP Saxe) - Acoustic,26
3656,Stranger,26
2764,No Fire,26
2744,New Start,26
2036,Isabelle,26
4434,Who Am I,26
4864,stuck in my head,26
233,Another Story,26
3462,Slow,26
2545,Me Without You,26
331,Be Alright,26
691,City of Angels,26
1903,I'm Not Okay...,26
4088,To Love Someone Else,26
1663,House With No Mirrors,26
172,All of Me,26
355,Beautiful Life,26
4623,already there,26
832,Darkest Hour,25
3420,Sick of Losing Soulmates,25
1359,Give Me A Sign (Acoustic),25
4901,we'll be fine,25
1959,If You’re Happy Now,25
3647,Still the Same (feat. Boy In Space),25
4527,Yellow,25
3031,Perfectly Imperfect,25
4150,Twinkling Lights,25
1603,Hold Me,25
2712,Nervous - Acoustic,25
1697,Human,25
3993,Things That I Miss,25
1322,Georgia,24
2816,Not Today,24
3002,Part of Me,24
3105,Prom Queen,24
1541,Heaven's Not Too Far,24
3078,Poetry,24
1507,Have We Met Before (with Eric Nam),24
3291,Same (Alternate Version),24
2140,Keeping Everything Inside,24
2023,Iris,24
988,Effort,24
2449,Lovely,24
2784,No Right To Love You,24
2451,Lover,24
2218,Learning to Love You,24
4918,you were good to me,24
335,Be Happy,24
3926,The Other Side,24
141,All Dressed In White,24
4368,What Would I Do Without You,24
4607,Yours,24
493,Boy,24
77,A Little Bit Yours,24
739,Come On Get Higher,24
732,Come Away,24
726,Colorado,24
1134,Fast Car,23
1108,Falling,23
3497,So Will I,23
2711,Nervous,23
2658,Mr. Brightside,23
949,Dreamers,23
2384,Louise,23
2347,Lonely,23
3613,Stay,23
3827,The A Team,23
1962,If the World Was Ending (feat. Julia Michaels),23
103,Accidentally in Love,23
1866,I Won't Give Up,23
1853,I Will Follow You into the Dark,23
3530,Someone New,23
2282,Lift,22
2117,Just Peachy,22
1907,I'm So Happy - Acoustic,22
4896,under the weather,22
658,Chasing Moments,22
4046,Three Drinks,22
1236,Foolish,22
2860,Oceans Between Us,22
1340,Girl,22
2803,Northern Italy,22
3489,So Easy,22
2148,King,22
818,Dancing On My Own,22
1694,How to Save a Life,22
1516,Headlights,22
4736,i don't wanna know - acoustic,22
1547,Hello,22
3810,Terrible Things - EP Version,22
1609,Hold On,22
1442,Growing Up,22
4563,You Needed Me,22
1794,I Know,21
3855,The Corner Dwellers,21
3082,Pollen And Salt,21
1616,Hold You Tighter,21
3074,Please Keep Loving Me - Acoustic,21
4891,to let you go,21
4516,Worthy Of You,21
2508,Malibu Nights,21
1258,Forever Love,21
507,Brand New,21
2061,Ivory Fields,21
4207,Use Somebody (Bonus Track),21
190,Alone With My Thoughts,21
4268,War of Hearts (Acoustic Version),21
2715,Never Be Alone,21
2785,No Right To Love You - Acoustic,21
3326,Say You Won't Let Go,21
3279,Safe & Sound,21
879,Didn't See It Coming,21
4823,putting a spin on hey there delilah,20
2674,My Heart Is Set,20
4599,Younger - Acoustic,20
2370,Lost,20
4546,You Are The Reason,20
1600,Ho Hey,20
340,Be Scared with Me,20
1225,Flowers,20
2062,I’m So Happy,20
1229,Fly Away With Me,20
4637,better with you,20
2294,Like Gold,20
1996,In the Eye,20
2887,Older,20
3154,Reason for Dreaming,20
4869,superstars,20
3304,Saturday Sun,20
471,Boats & Birds,20
4407,Where Do I Even Start?,19
2908,One Less Bird,19
2886,Old Wounds,19
2953,Out Of Love with You,19
3690,Summer,19
3650,Stop Runnin',19
1644,Honey + Tea (Acoustic),19
2845,Nowhere to Go - The Acoustic Live Session,19
2735,Never in a Million Years,19
3654,Stormy Weather,19
1063,Everything Must Go,19
1075,Exless,19
1942,If I'm Being Honest,19
3922,The One,19
380,Behind the Light,18
4751,i wasn't enough for you - acoustic,18
1211,Flares,18
1005,Emily,18
1501,Hate Myself,18
1965,Imagine,18
3254,Runaway,18
996,Electricity,18
4875,thank you,18
4298,We Could Be Anything (Black & White),18
2676,My Love,18
2897,On the Run,18
536,Broken Lovers,18
4837,sad song,18
3798,Tell Me That You Love Me,18
4469,Wildflower,18
4185,Unmiss You - Stripped,18
816,Dancers,18
2387,Love & War in Your Twenties,18
638,Center of Gravity,18
4660,counting houses,18
2301,Like No One Does,18
192,Along the Way,18
3073,Please Keep Loving Me,18
202,Always Be Loving You,18
4713,happy for you,18
322,Band of Gold,18
4089,To Love You Rightly,18
1183,Fine,18
4579,You and Me,18
244,Anything to Make You Stay - Acoustic,18
3904,The Love You Left Behind,18
3366,Serendipity,18
756,Constellations,17
460,Bloom - Bonus Track,17
2817,Not Usually Like This,17
1339,Giants,17
761,Cool Girl,17
4230,Volcano,17
1705,Hurricane,17
1870,I Wouldn't Mind,17
1453,HALF HEARTED,17
4834,run (iphone demo),17
1480,Happier,17
4422,Wherever I May Go,17
1850,I Will Always Be Yours,17
1822,I Really Love Ya,17
1500,Hate Me Too,17
369,Bees,17
1573,Hey Lovely,17
479,Boomerang,17
2195,Last Love Song,17
828,Dandelions,17
2630,Morning Breeze,17
3940,The Scientist,17
546,Bulletproof Weeks,17
3241,Rose,17
1105,Fallen so Young,17
3790,Teach Me to Dance,17
3834,The Best - Acoustic,17
4100,Tomorrow,17
3149,Rearrange,17
3764,Take Me to Church,17
3975,Them Dirty Bones,17
510,Break Away (Piano Version),17
1019,Endlessly,17
1485,Happiness,16
2415,Love Me Please,16
2240,Let It Go,16
3052,Pineapple,16
1681,How Many Times,16
788,Cringe - Stripped,16
4502,Words Ain't Enough,16
2688,My Town,16
4140,Tsunami,16
4097,Together,16
4138,Trying My Best,16
3001,"Paris, or Wherever We Are",16
186,Almira,16
1580,Hibiscus,16
254,Appalachian Wine,16
3399,Shelter,16
488,Bourbon Melody,16
2875,Ohio,16
348,Beautiful,16
1982,In My Veins - Live (Bonus Track),16
1973,In Everything,16
505,Boys Like You - Acoustic,16
503,Boys Like You,16
1963,If you're meant to come back,16
74,A Drop In The Ocean,16
2029,Is It Just Me? (feat. JP Cooper),16
4892,tomorrow tonight,16
854,Dear Future Me,16
2080,Jericho,16
1915,I'm with You,16
3169,Regarding Your Departure,16
2840,Novels,16
33,2014,16
3516,Somebody - Acoustic,15
2540,Maybe It's Time,15
1190,Fire and the Flood,15
1571,Hey Lady,15
1054,Everybody Talks,15
99,About the Rain,15
1317,Gentle,15
4777,let go (demo),15
3447,Six Feet Apart,15
1661,House Key,15
1997,In the Meantime,15
919,Don't Lose Your Love,15
1817,I Need You To Hate Me,15
1811,I Loved Her First,15
3590,Spotless Mind,15
2105,Just Come Home (feat. Elena Coats),15
2224,Leaving Home,15
1717,Hypnotized,15
2576,Milestone,15
3071,Please Don't Say You Love Me,15
3620,Stay Where You Are,15
3959,The Way That I Love You (Single Version),15
4321,Weather,15
4420,Where's My Love - Alternate Version,15
1409,Goodbye Belongs to You,15
1438,Grow Something Beautiful,15
4279,Wasted Love,15
449,Blackbird,15
2917,Only Everything,15
3745,Swoon,15
2848,OK,15
2614,Moon,15
4193,Until the End - Acoustic,15
2659,Mr. Melancholy,14
4419,Where's My Love - Acoustic,14
4353,What If I Love You,14
1664,House of Cards,14
4589,You're Still the One,14
1245,For You,14
2706,Need You Now - Acoustic,14
3676,Stupid in Love,14
3924,The One Thing,14
3563,Sorry,14
4482,With Love and Compassion,14
2190,Landslide,14
2731,Never Stop (Wedding Version),14
3038,Photograph,14
2058,It's You,14
2032,Is She Gonna Be There?,14
4266,Wanted Man,14
1273,Freckles,14
3720,Supernova,14
1061,Everything Has Its Place,14
4203,Upset With Me,14
4884,this is how you fall in love,14
3524,Someday Soon - Single Version,14
195,Already Home,14
140,All About Us,14
1559,Here With Me,14
286,Autumn Love,14
4062,Till I Found You,14
4514,Worst of You,14
2461,Low,14
4436,Who Cares (feat. Ben Bannister),14
354,Beautiful Girl,14
2620,Moonlight,14
3174,Remember,14
3400,Shiloh,14
886,Digressions,13
282,Automatic,13
4810,permanent +1,13
1268,Fractions,13
3284,Sailboat Bed,13
2119,Just Someone With a Sweater On,13
3201,Rhythm Of Love,13
2038,Issues - Acoustic,13
2123,Just You and I - Acoustic,13
75,A Drop In the Ocean,13
3243,Roses Are Red (Violets Are Blue),13
2657,Mr. & Mrs. Beautiful,13
4256,Walk Outside,13
833,Darlin',13
3027,Perfect Color (Acoustic Version),13
3120,Put Me Back Together,13
1891,I'll Sing to You,13
21,12:45 - Stripped,13
472,Body,13
2847,ODDTAXI,13
2573,Miles Don't Mean Anything,13
1346,Girl from the Sidewalk,13
2815,Not That Far Away,13
1969,In Another Life,13
1352,Give & Take,13
112,Adeline,13
4069,Time of Our Lives,13
3346,Second Option,13
2563,Messengers,13
3190,Rest of Our Lives,13
1003,Emerald Eyes,13
3348,Secrets,13
59,7 Hours Ago,13
2151,Kingdom Come,13
703,Closer,13
1441,Growing Season,13
2199,Last One Standing,13
4005,This Beautiful Life,13
4636,better off,13
4613,Yung Luv,13
171,All for You,13
619,Caroline,13
2429,Love Worth Saving,13
269,As We Ran,13
3759,Take Me,13
3935,The Road Home,13
4158,Two Kids in Love,13
1149,Feathers & Gasoline,13
1162,Feelings,13
4523,Wrong Direction,13
547,Bumper Cars,13
783,Crazier Things,13
4683,echoes - Acoustic Version,13
2183,Lady by the Sea,13
1748,I Don't Know How to Tell You This,13
2376,Lost My Mind (Acoustic),13
1168,Fields of Gold,13
1123,Family Reunions,13
1196,Firing Squad,13
1741,I Can't Make You Love Me,13
2939,Ordinary People,13
3308,Save My Heart,13
3277,Sad Song (feat. Elena Coats),13
4578,You and I,12
3514,Some Kind of Lonely,12
3426,Silence,12
4619,again (everything is fine),12
3427,Silence - Acoustic,12
3165,Red Ribbon,12
3740,Sweetest Thing,12
2593,Missing You,12
2638,Mothers and Fathers,12
3429,Silhouettes,12
3148,Real Estate,12
3195,Retail Therapy,12
2156,Kiss Me Again,12
2153,Kings & Queens,12
3436,Simple Things (feat. Christina Perri),12
2730,Never Stop,12
3532,Someone To You,12
4331,West Coast,12
4799,no place like hope,12
2607,Monster,12
2754,Night Bus,12
4096,To the Mountains,12
4479,Wish It Would Rain,12
2046,It'll Be Alright,12
4392,When We Collide,12
2235,Let Her Go - Acoustic,12
3365,September Song - Guitar Acoustic,12
2254,Let You Love Me,12
3888,The Grey,12
4458,Wild Child,12
2262,Let's See What The Night Can Do,12
2144,Kids Again,12
2441,Love on the Weekend,12
1868,I Would Die 4 U,12
1176,Finally Home,12
1297,Fuck You,12
1771,I Found Her,12
157,All My Love,12
1137,Fast Lane,12
1860,I Wish,12
1620,Hold the Stars,12
624,Carry On - Acoustic,12
1029,Ether,12
155,All My Friends,12
1882,I'll Be There Love,12
1234,Fool For You,12
1397,Good Good Day,12
544,Bugs,12
1203,First Time,12
1286,Friends,12
1906,I'm Okay Now,12
28,1999,12
742,Come With Me,12
1805,I Love You Always Forever - Acoustic,12
314,Bad Again,12
131,Air So Sweet,12
1656,Hotel Ceiling,12
752,Confidant,12
396,Best Part of Me,12
1753,I Don't Pick the Music,12
815,Dance With Me,12
2893,On My Mind,11
2524,Marigold,11
462,Blue Eyed Girl,11
4539,You And I,11
4009,This City Remix (feat. Anne-Marie),11
1784,I Have Always Been in Love,11
702,Close Your Eyes,11
4007,This City,11
4782,live til we die,11
2108,Just Fine,11
625,Carry You,11
1263,Forget the Lies,11
3786,Tangerine Skies,11
459,Bloom,11
165,All Too Well,11
3437,Sin in Your Skin,11
2251,Let You Break My Heart Again,11
3478,Smaller Than This,11
2319,Little Amens,11
2330,Little Moon,11
2790,No Yesterday,11
2271,Liar,11
1633,Home for the Summer,11
3466,Slow Dancing - Acoustic,11
2937,Opposite Of Loving Me - Stripped,11
1698,Human Becoming,11
1195,Firefly Lullabies,11
1028,Erase Yourself,11
156,All My Life,11
451,Blame It on the Lights,11
4244,Waiting On You,11
3853,The Climb,11
161,All That I Know,11
2215,Learn To Let Go,11
306,Back of Your Head,11
1607,Hold My Girl - Piano Acoustic,11
3539,Something Just Like This,11
263,Arms,11
4015,This Is Home,11
1367,Glitter,11
2721,Never Getting Over You,11
3652,Storm In My Head,11
3324,Say You Do,11
3653,Storms,11
61,7UP,11
3954,"The Village, the Wolf and the Boy",11
1398,Good Life,11
3172,Religion,11
2675,My Kind of Man,11
4400,When You're with Me,11
31,2 Am,11
4399,When You're Gone,11
3982,There Will Be Another,11
4440,Who Needs Drugs,11
1418,Got the Love,11
4173,Under Covers,11
1989,In The Silence - Demo,11
4427,Wherever You Will Go - Acoustic,11
3668,Stronger,11
1006,Emmylou,11
618,Carolina,11
3112,Pull the Cord,11
307,Back on the Road,11
3972,The World Keeps Spinning On,11
4910,white roses,11
4360,What Matters Most,11
2774,No More Bad Days,11
3377,Shaking,11
3369,Set Me Free,11
2795,Nobody Opened The Door,11
3950,The Things We Used to Share,11
2002,Incredible,11
3757,Take It All Back 2.0,11
750,Complicated,11
1385,Golden,11
1386,Golden Hour,11
3649,Stop Breathing (feat. Haley Hamilton),11
4433,Whistling Trees,10
417,Better Together,10
394,Best I'll Ever Sing,10
1033,Eustace Scrubb,10
2760,Nineteen,10
4663,crowd,10
847,Dazed & Confused,10
4416,Where the Wind Blows,10
1610,Hold On Me,10
376,Before You Let Me Go,10
2430,Love You From a Distance,10
201,Always Be 2.0,10
2306,Like That,10
1542,Heavy,10
4362,What Side Of Love - Acoustic Version,10
3934,The Road,10
2846,Numb,10
3423,Side by Side,10
3933,The Rhine,10
2650,Moving Forward,10
2539,Maybe It Was Me,10
2660,Mr. Moon,10
2530,Match In The Rain,10
1444,Guardian,10
187,Almost,10
971,Dying Is a Beautiful Thing to Do,10
3249,Ruby Fields,10
2480,MISC.,10
2473,Lvr Boy,10
4608,Yours (Alternate Version),10
607,Can't Wait To Be Pretty - Demo,10
2912,One More I Love You,10
4617,actually happy,10
1448,Guiltless (Bonus),10
3155,Reasons Not To Die - Demo,10
2946,Our Remains,10
1858,I Will Wait - Acoustic,10
3009,Patchwork,10
3119,Push & Pull,10
834,Darling,10
57,6/10,10
1085,F U & F Her Too,10
3565,Sorry For Writing All The Songs About You,10
2207,Lay By Me,10
2205,Laurelli,10
3657,Strangers,10
4073,Times Like These,10
119,Aegean,10
4235,Wait,10
2193,Last Dance,10
101,Absolutely Smitten,10
98,Abigail,10
3098,Pretty Girl,10
804,Cursive,10
1049,Every Time You Walk Away,10
91,A Thousand Years,10
3208,"Right Love, Wrong Time",10
1821,I Put You First (& You Did Too),10
2047,It's About Us,10
693,Clarity,10
1191,Fire n Gold,10
772,Countdowns,10
2276,Life Is Good,10
4204,Ur Ex From College,10
765,Copenhagen,10
2988,Paper Crown,10
4202,Uphill Battle,10
4252,Waking up Slow - Piano Version,10
32,2004,10
2109,Just Friends,10
1693,How to Love You Today,10
712,Coffee,10
4900,we made it.,10
4706,friendship?,10
2253,Let You Know,10
4786,lose touch,10
3717,Superman,10
3714,Sunshine Gold - Version 2,10
3371,Settled,9
3632,Stella,9
2587,Miscommunication,9
73,A Day Will Come,9
2069,Jaiden,9
248,Anywhere You Go,9
265,Around You,9
953,Dreams,9
1812,I Made a Mess Here (22 Symphony),9
1129,Far Too Good,9
2603,Moments to Memories,9
3605,Stars,9
2059,It's a Wonderful Life,9
1482,Happier Than Ever,9
444,Black Coffee - Unplugged,9
2054,It's Ok If You Forget Me,9
790,Cross My Mind,9
3696,Summer Lover,9
3136,Rain,9
1898,I'm Home,9
1972,In Case You Don't Live Forever,9
4128,Trouble,9
3967,The Wedding Song,9
4425,Wherever You Go,9
1412,Goodnight Baby,9
1336,Ghost in the Wind,9
34,21,9
1084,Ezra,9
1425,Graveyard - Acoustic,9
2687,My Time Will Come,9
2820,Not Yet,9
4848,slumber,9
2574,Miles and States,9
4448,Why Can't I Have You,9
1091,Fade,9
4381,When I Grow Old,9
1110,Falling Asleep At The Wheel,9
959,Drive,9
1536,Heartstrings,9
2866,Oh Brother,9
722,Colder,9
2166,Known & Loved (feat. Joel Ansett),9
2178,LET'S STAY HOME TONIGHT,9
1586,High Hopes,9
822,Dancing Without Music,9
1174,Filthy Rich,9
875,Did You Call Me Last Night,9
4289,Waves,9
1602,Hold It Down,9
4733,i can't sleep,9
3242,Roses,9
2418,Love Of My Life,9
4250,Waking Up,9
3455,Skyway Avenue,9
4642,bored like me (demo),9
4278,Wasted,9
448,Black Mountain,9
2377,Lost On You,9
2933,Open Skies (Wildflower),9
4274,Waste More Time,9
1205,First Try (Team Swim Mix),9
134,Al X,9
4723,honey,9
4675,don't quite belong (demo),9
1206,Five Bells,9
4707,give me life (acoustic version),9
127,Agape - Bose City Sets,9
94,A Year Ago,9
1241,"For Me, For Her, For You",9
3702,Summer's Gone,9
1549,Hello My Old Heart,9
1791,I Kissed Someone (It Wasn't You),9
1021,Enemy - Acoustic,9
3932,The Reason,9
1042,Every Age,9
1139,Favorite Part of Loving You,9
4219,Velveteen,9
2520,Maple Whisky,9
2517,Maniac,9
3830,The Art Of Getting By,9
1803,I Love You,9
193,Already Gone,9
3434,Simple Song,9
2495,Make A Start,9
2501,Make Us Never Happen,9
640,Cereus Bright,9
4592,Young,9
3138,Rainbow,8
4341,What Breaks My Heart,8
4093,To The End,8
1210,Fix You,8
438,Bits and Pieces,8
4258,Walk the Line,8
424,Big,8
581,Call It Like It Is,8
4084,To Fall in Love With You,8
3218,Riverside,8
2801,North Carolina,8
4075,Tipsy Love,8
4379,When A Heart Breaks,8
3290,Salvation,8
4059,Til I'm Ninety Nine,8
3193,Restless Heart,8
1012,Empty House,8
1255,Forever I Am Yours,8
1011,Empty Beach,8
1252,Forever & Always,8
4033,This Shouldn't Work,8
436,Bitch,8
3998,Thinking 'Bout Love,8
3265,Rush,8
2828,Nothing,8
2841,November 9,8
4387,When Someone Loves You,8
3125,QUEEN BEE,8
4576,You Will Find Me,8
3914,The Moon Song,8
3917,The Mountain,8
656,Chasing Cars,8
3877,The Gardener,8
3878,The Girl,8
4841,see you later (ten years),8
2031,Is It Really Me You're Missing,8
4657,colorblind,8
3881,The Giving Tree,8
3887,The Great Unknown,8
1849,I Was Wrong,8
653,Chase the Light,8
2409,Love Like Mine,8
2435,Love You Well,8
4845,six speed,8
2450,Lovely to Love You (feat. Loren North),8
1589,High Tops (Stripped),8
3440,Sing of the Moon,8
2475,Lying to Myself,8
3499,So in Love With You,8
2273,Lie About You,8
3768,Take Your Time,8
122,After Hours,8
89,A Starlit Sky,8
90,A Tale of Rescue,8
811,Dallas Love Field,8
3553,Song for My Children,8
3604,Starlit Afternoon,8
3832,The Ballad of Donnie Gene,8
2074,Jealous Guy,8
4729,hurts like hell - piano version,8
1692,How to Be Yours,8
1707,Hurt Me Now,8
2239,Let It Be,8
1700,Human Way,8
2243,Let Me Down,8
2244,Let Me Down Slowly,8
4800,nobody else,8
3870,The Few Things (With Charlotte Lawrence),8
2486,Maddy Brown,8
2100,"June, After Dark",8
892,Disarray,8
3736,Sweet Love,8
22,13 Months,8
3357,Self Deprecation,8
964,Drown,8
368,Bedsheets,8
1466,Half Light,8
2667,Must Be Dreaming,8
3693,Summer Days,8
1950,If You Ever Forget That You Love Me,8
2686,My Thoughts On You,8
18,11 Blocks,8
4426,Wherever You Will Go,8
3306,Save Me,8
1400,Good Stuff,8
388,Ben & Jerry,8
1935,If I Didn't Tell You,8
2769,No Maps of the Past (Piano Version),8
2771,No Matter Where You Are,8
2656,Mr Loverman (feat. chloe moriondo),8
3358,Sell the Furniture,8
3685,"Sugar, You",8
311,Back to the Start,8
1067,Everywhere - Live in Cologne,8
3730,Sweatshirt (Don't Let Go),8
4541,You Are In Love,8
3687,Suitcase,8
4531,Yellow Rose,8
275,At the End,8
1877,I'll Be Around - Acoustic,8
4485,With or Without You,8
1999,In the Unknown,8
1894,I'm Better,8
2528,Masquerade,8
4566,You Said You'd Grow Old With Me,8
776,Covered Up,7
3571,Sour Strawberry,7
729,Colour Me,7
4056,Tiger Striped Sky,7
3713,Sunscreen,7
3164,Red Lining,7
4074,Times New Roman,7
3651,Storehouse,7
3177,Remember That Night? - Acoustic,7
593,Calm,7
3178,Remember the Bad,7
3297,Sangre de Cristo,7
4030,This Old Car,7
3829,The Archer,7
635,Cecilia And The Satellite,7
3970,The Wire,7
3960,The Way That She Loves,7
3322,Say Love - Acoustic,7
3325,Say You Will,7
3958,The Way I Loved You,7
1016,Endless Story,7
957,Driftwood Heart,7
955,Dress,7
3379,Shaky Hands - Piano Version,7
3384,She Gets the Flowers,7
610,Cannonball,7
3385,She Is Love,7
1919,IDK Myself,7
920,Don't Love Back,7
3906,The Lover,7
3555,Song for the Sleepless,7
647,Change Your Mind,7
3458,Sleep Talking,7
4014,This Heart I Know,7
3467,Slow Dancing In A Burning Room,7
844,Daydreams,7
621,Carried Away,7
4032,This Room,7
3502,Sober Up,7
3871,The Fish,7
663,Cheating on U,7
664,"Check Yes, Juliet",7
1035,Even When I'm Gone,7
824,Dancing in the Minefields,7
1039,Ever Enough,7
6,.,7
1383,Gold,7
1073,Exhale,7
1595,Himalayas,7
2226,Left for America,7
2256,Let it Be Me,7
2266,Letting Go,7
124,After Me,7
1648,"Honey, Make Me Healthy",7
4704,fragile tears,7
4703,forget about us,7
1645,Honey Hold Me,7
2373,Lost Boy,7
143,All I Ask,7
4650,can I call you back?,7
1623,Holding Hands,7
4639,bite back (demo),7
4611,Youth,7
2471,Lust & Wonder,7
107,Across the Sea,7
184,Allison,7
4604,Your Side Of The Bed - Acoustic,7
2490,Made to Be,7
2502,Make You Feel My Love,7
2510,Mama Always Told Me,7
2519,Map to Your Heart,7
212,American Beauty,7
218,Amsterdam,7
4570,You Should Know,7
223,Angela (Single Version),7
1562,Here to You,7
1558,Here We Go,7
2558,Mercy,7
4487,Without Him,7
1708,Hurt Somebody,7
1734,I Can't Carry This Anymore,7
1499,Harvest Moon,7
1813,I Met Sarah in the Bathroom,7
1934,If I Didn't Have You,7
1955,If You Wanted It Too,7
4893,too long,7
4888,this is what overthinking feels like,7
1993,In the Aeroplane Over the Sea,7
4850,slumber - live at hoxton hall,7
2010,Inside Day,7
2019,Inventor's Daughter,7
2022,Ireland,7
66,95,7
2044,It Won't Be Long,7
2049,It's Always Sunny With You,7
2051,It's Gotta Be You,7
4827,putting a spin on sweater weather,7
4822,putting a spin on heather,7
96,Abba,7
1808,I Love You Will Still Sound The Same,7
4792,loving you,7
4788,love and hate,7
2093,Judy You Hung the Moon,7
4784,lonely,7
2114,Just Like Autumn,7
1798,I Like You,7
2135,Keep Me Up,7
1786,I Just Know,7
4781,little light - live at hoxton hall,7
2146,Kin,7
1769,I Found,7
4757,if i were a friend,7
4753,"i'm fucked, i know",7
352,Beautiful Disaster,7
2506,Making All Things New,7
4481,With Love,7
4206,Us,7
1382,Goin' Back (feat. Zac Barnett),7
2794,Nobody Knows,7
2805,Nostalgic,7
2966,Over My Head (Cable Car),7
1331,Ghost,7
403,Best of You,7
2834,Nothing Like You,7
4376,What's My Name,7
3069,Please Don't Leave Me Like This,7
406,Better - Acoustic,7
1287,Friends & Family,7
1145,Fazed,7
4166,UFO,7
2872,Oh Susannah,7
4330,Welcome to the Black Parade,7
2884,Old Pine,7
4232,WDIA,7
1251,Forever,7
4323,Wedding Ring,7
4311,We Will Dance,7
1187,Fire & Flood,7
2918,Only Everything - Acoustic,7
1220,Flicker,7
441,Bittersweet Endings,7
4406,Where Did You Come From (Acoustic),7
399,Best Year Yet,7
4263,Wandering Child,7
2671,My Favourite Story,7
2652,Moving On,7
2740,New House,7
1415,Google Earth,7
1082,Eyes,7
532,Briggs,7
377,Before the Line,7
2708,Need Your Love,7
4136,Try,7
529,Breathing Underwater,7
2672,My Girl,7
763,Cool It Child,6
37,25 Years,6
30,2 / 14,6
4242,Waiting Around - Acoustic,6
723,Coldplay,6
4052,Thunder,6
4134,Truth,6
575,California Cosmo,6
4259,Walked Through Hell,6
88,A Soulmate Who Wasn’t Meant to Be,6
4061,Till I Fall Asleep,6
4818,poison,6
4870,supposed to,6
54,4runner,6
508,Brave,6
737,Come Home Safe,6
4865,sucks 4 u,6
58,66 Days,6
589,Call You Home,6
528,Breathe On,6
745,Coming Home (Oregon),6
4830,remember the mornings,6
483,Boston,6
4149,Twenty-Somethings,6
4835,run - live at hoxton hall,6
79,A Lost Love,6
678,Chopsticks and Champagne,6
4262,Walls,6
3953,The Village,6
646,Change It All,6
4444,Whole - demo,6
4079,To Be Alone With You,6
4447,Why Am I Like This?,6
370,Before I Lose My Mind - Stripped,6
365,Bed of the Lake,6
4471,Willow,6
630,Catch in the Dark,6
681,Cig,6
626,Casanova,6
4472,Wind & Anchor,6
4473,Window,6
231,Another Empty Bottle,6
234,Another Way,6
4500,Wonderfully Made,6
4491,Witness,6
4423,Wherever We Are,6
395,Best Part,6
164,All This Love,6
3890,The Heights,6
429,"Big Love, Small Moments",6
4762,ilym (feat. ROSIE),6
4758,if this is the last time,6
4325,Weeds,6
362,Beauty In The Breakdown (Acoustic),6
676,Choke,6
4732,i can't breathe,6
4725,human,6
3861,The Daylight,6
4339,What Are You So Scared Of?,6
4724,hopeless,6
4705,freshman year,6
4680,drinking games,6
4676,doomsday,6
4654,castles of sand - Acoustic Version,6
3705,Sundance,6
1931,If He Had Loved Me,6
3701,Summer Storms,6
1030,Eugene,6
1280,Fresh Roses,6
2859,Oceans Apart,6
2853,Ocean,6
2844,Nowhere,6
3692,Summer Clothes (Acoustic),6
1330,Getting over You,6
2827,Note To Self,6
1333,Ghost Of You,6
2782,No Place in Mind,6
2773,No Matter the Season,6
1394,Good Enough,6
2722,Never Give Up On You,6
2685,My Somebody,6
2683,My Person,6
2681,My Oh My,6
1464,Half Gone,6
2670,My Arms Were Always Around You,6
1467,Half My Heart,6
2645,Mouthwash,6
2882,Old Friends,6
1247,For a While,6
1231,Follow My Feet,6
1094,Fairytale,6
1048,Every Time I Hear That Song,6
1051,Everybody But Me,6
1066,Everywhere,6
3160,Reckless Lover - Acoustic,6
3144,Ready Now,6
3139,Rainbow Connection,6
3132,Rabbit,6
3088,Postcard from Rome,6
1124,Famous,6
2914,One More Weekend,6
1126,Fangs,6
1132,Faraway Tree,6
3044,Picture Perfect,6
3040,Photographs & Memories.,6
3039,Photograph a Way,6
3010,Patterns,6
1199,First Day of My Life,6
2965,Over My Head,6
2632,Morning Is Made,6
1503,Haunted,6
1523,Heart,6
2110,Just Getting to Know You,6
2234,Let Her Go,6
1731,I Can Change,6
2188,Land Of The Living,6
1743,I Do,6
2162,Know You Better,6
2160,Knocking On My Heart,6
1760,I Don't Wanna See You with Her,6
1779,I Got You Babe,6
2072,January Love,6
1674,How Far You Feel,6
1854,I Will Love You Still,6
2009,Inside,6
2007,Inheritance,6
1862,I Wish I Never Met You,6
1986,In The Middle,6
1980,In My Head,6
1885,I'll Fix It,6
1916,I've Been Waiting,6
2269,Let’s Go Home Together,6
1647,Honey and Glass,6
2615,Moon Moon Baby,6
2503,Make You Happy,6
1525,Heart Haunting,6
2604,Mona Lisa,6
2597,Models/Dancers,6
2596,Mixed Signals,6
2591,Missing Peace,6
2578,Million Days,6
1538,Heaven,6
2537,Maybe I Was the One,6
2474,Lying That You Love Me,6
2318,Listen To The One Who Loves You,6
2447,Loved You Once,6
2439,Love on You,6
1618,Hold on Forever,6
2380,Lost and Found,6
1637,Homesick,6
2350,Lonely With Me,6
1641,Honey,6
2322,Little Bit of Love,6
3196,Return To Darden Road,6
947,Dream a Little Dream of Me,6
842,Daydream,6
921,Don't Say,6
789,Crocodiles,6
3302,Satellite,6
3618,Stay Warm,6
3610,State Lines,6
3602,Stare,6
3359,"Send My Love / Sit Still, Look Pretty (Acoustic Mashup)",6
3573,Space,6
937,Don't You Worry Child,6
888,Dirty Old Town,6
774,Courage,6
3442,Sink,6
860,Deep Water,6
3452,Sky,6
3559,Sophie,6
3456,Slacks,6
3463,Slow Dance (feat. Ava Max),6
3470,Slow It Down,6
3528,Someone Just Like You,6
3658,Strawberries,6
3592,Spring,6
3264,Running with the Wolves,6
1861,I Wish I Knew,5
166,All Too Well (Taylor's Version),5
2436,Love You in My Mind,5
4620,all i need (the distance song),5
690,City Rain,5
10,"1, 2, 3, 4",5
1961,If the World Was Ending,5
2445,Loved,5
3823,That's What Makes This House a Home,5
4632,avoiding,5
1588,High Tops,5
812,Damn Bean,5
2488,Made It This Far,5
4603,Your Shirt,5
2491,Made to Love You,5
4625,another song - Acoustic Version,5
3817,Thank You & Goodbye,5
4886,this is what falling in love feels like,5
2371,Lost & Found,5
132,Airplane,5
767,Coração,5
3809,Terrible Love,5
2366,Losing Me,5
1632,Home Away from Home,5
4656,church st.,5
2375,Lost My Mind,5
1619,Hold on to You (Acoustic),5
1627,Hollow,5
4647,butterfly,5
3569,Sound of Your Voice,5
1896,I'm Fine.,5
2408,Love Letter,5
2410,Love Like That,5
4595,Young Blood,5
1911,I'm on Fire,5
4593,Young & Free,5
4917,you broke me first,5
2565,Meteor Showers,5
232,Another State,5
3691,Summer Bird,5
826,Dancing in the Street,5
829,Dare4distance,5
2588,Misery Business,5
1534,Hearts Release,5
3560,Sore Loser,5
671,Cherry Street,5
3526,Somehow,5
280,August,5
294,BAD DESIRE,5
839,Dawning of Spring,5
1532,Heartbeats,5
4544,You Are My Home,5
1555,Here (In Your Arms),5
2550,Meant To Be,5
4908,where do i begin,5
4564,You Never Called Back,5
1568,Heteroverheels,5
222,Angel,5
1944,If That's Alright,5
2544,Me Over You,5
1572,Hey Love,5
1952,If You Love Her - Acoustic,5
1574,Hey Siri,5
4897,upside,5
2533,Maybe Don't (feat. JP Saxe),5
198,"Alright, Alright",5
1578,Hi.,5
1957,If You're the Coffee,5
3804,Temporary,5
4677,down,5
2004,Inertia,5
2090,Josslyn,5
2070,James,5
4814,please,5
83,A Mother Like You,5
3643,Still Wondering - Tep No Remix,5
1807,I Love You Too,5
1806,I Love You So,5
2095,Juliana,5
4679,drift/(:(,5
2097,July,5
3634,Stereo,5
801,Currency,5
4778,letting you in,5
1766,I Feel Good About This,5
4774,la song,5
4876,that way,5
2065,Jack and Blow,5
2063,I’m Trying (Not Friends),5
1816,I Need You,5
4824,putting a spin on pumped up kicks,5
1818,I Never Knew,5
2057,It's U,5
1826,I Spend Too Much Time In My Room,5
1831,I Think We Danced (But I Can't Be Sure),5
2035,Is There A Ghost,5
1833,I Wanna Dance With Somebody,5
4843,shut up,5
796,Cry Cry Cry,5
2016,Into the Garden,5
1992,In a Stranger's Arms,5
4858,spark - Acoustic Version,5
1995,In the End,5
1765,I Fall Apart,5
3763,Take Me With You,5
754,Consequences - orchestra,5
3776,Talk All Night for Nothing,5
2334,Little Victories,5
3796,Tell Me,5
704,Closer To Love,5
3576,Spaces,5
2307,Like That - Acoustic,5
2300,Like My Father - Acoustic Version,5
1654,Horizon,5
1671,How Do I Tell You?,5
125,After the War,5
3512,Solstice,5
3594,Stacy (Acoustic),5
768,Corners,5
1675,How Good It Is,5
2247,Let Me In,5
2219,Least Favorite Only Child,5
4761,ilym,5
1722,I Ain't Ever Loved No One - Acoustic,5
2209,Lay by Me,5
121,After Dark,5
1725,I Believe You,5
113,Adhd,5
3774,Talk,5
4743,i looked into your eyes,5
1740,I Can't Keep from Loving You,5
4748,i swear i'll never leave again,5
3595,Stained Glass,5
1985,In Tenderness,5
1745,I Don't Even Care (Pick Me Up),5
1759,I Don't Wanna See You Cryin' Anymore,5
2165,Known & Loved,5
841,Day or Night,5
1027,Erase You,5
3509,Solace,5
475,Bones,5
477,Book in the Cloud,5
4174,Under My Skin,5
977,Easier Said Than Done,5
3961,The Way You Break My Heart,5
1117,Falling for You,5
4163,U & Us,5
502,Boys In The Street - 2021,5
1115,Falling Out Of Love,5
514,Break My Heart Again,5
4156,Two Blue Eyes,5
517,Breakable,5
982,Easy Rider,5
519,Breakin' Ground,5
4146,Turntable,5
3084,Porcelain,5
4192,Until the Day I Die,5
4194,Unworthy,5
1505,Have I Told You,5
4201,"Up, Up & Away",5
3017,Peer Pressure,5
3018,Pennsylvania,5
1166,Fever Dream,5
968,Dumb Love,5
3956,The Way I Am,5
452,Bless the Broken Road,5
4226,Vintage,5
969,Dust,5
3049,Pierre,5
4217,Vegas,5
3051,Pillow,5
3058,Plan On You,5
3328,Scared of Love,5
464,Blue Light,5
3063,Player 2,5
4139,Trying to Kill the Moon,5
1087,FONDA ON THE ROOF,5
3103,Pristine,5
4135,Truthfully,5
3185,"Resentment (feat. Sturgill Simpson, Brian Wilson & Wrabel)",5
1046,Every Little Thing,5
4057,Tigersharks,5
3260,Running After You,5
3207,Right Into Your Love,5
595,Came Around,5
4042,This is Love - Interlude,5
4039,This Will Be Our Home,5
599,Can't Help Falling In Love,5
3216,River of Grace,5
3217,Rivers and Roads,5
3221,Roam,5
4021,This Is On You - Acoustic,5
4017,"This Is How You Walk On - From ""Gifted""",5
3224,Rock And Roll,5
592,Called Me Higher,5
3266,Rush (feat. Jessie Reyez),5
4072,Timeless,5
1000,Eloise - UTAH Remix,5
3117,Pure Shores,5
3130,Quiver,5
541,"Brown Eyes, Brown Hair",5
542,Bruises,5
3301,Sara,5
558,Butterflies,5
3140,Ramblings of a Lunatic,5
3170,Rejoice,5
3280,Safe Places,5
587,Call Me When It's Over,5
1079,Explore,5
3268,SAD (Clap Your Hands),5
3994,Things You Can't Change,5
1053,Everybody Loves You,5
3350,See You Again,5
3005,Pass Me By,5
4255,Walk Me Home,5
401,Best of Me (Acoustic),5
3453,Skyline,5
1435,Groupie,5
1420,Grace Alone,5
2719,Never Come Back Again,5
1411,Goodie Bag,5
2747,New York,5
2748,News from Nowhere,5
1387,Golden Slumbers (Bonus Track),5
4418,Where's My Love,5
4409,Where I Want to Be,5
2775,No One Can Fix Me,5
3913,The Minstrel's Prayer,5
4401,When a Man Loves a Woman,5
2804,Norway,5
1349,Girl of My Dreams,5
4442,Who You Are,5
859,Deep End,5
1462,Half A Man,5
4475,Winona Ryder,5
339,Be Okay,5
2629,Morning,5
3503,Social Stamina,5
3227,Rockabye - Acoustic Version,5
2640,Mountain Falls for the Sea,5
3491,So Little Time,5
2654,Moving in Slow Motion,5
4454,Wide Eyed,5
1475,Hand to Hold,5
1468,Half My Life,5
4467,Wildest Dreams,5
2662,Mt Hood,5
4459,Wild Enough,5
654,Chasin' Honey,5
881,Die Right Here,5
4393,When We Get Old,5
4257,Walk Through the Fire,5
2829,Nothing Breaks Like a Heart,5
3941,The Sky,5
4287,Waterfall,5
433,Bigger Than Love,5
1230,Fly You to the Moon,5
2920,Only Hope (feat. Gustavo Guerrero),5
437,Bitch (I Said It),5
1219,Fletcher Bay,5
2940,Oregon,5
2942,Otherwise,5
4267,War Zone,5
2955,Out of Focus,5
2960,Out to Sea,5
940,Down,5
2971,Over-the-Ocean Call,5
2986,Panic,5
2905,One Great Mystery,5
428,Big Little Life,5
3405,Ships of Cortez,5
415,Better Than Today,5
3918,The Night We Met,5
1314,Garden in the Backyard,5
4378,When,5
2842,Now,5
891,Disappear Daily,5
896,Ditchdigger,5
631,Catherine the Great,5
1256,Forever Like That,5
897,Dizzy,5
4352,What If,5
1272,Freakin' Out On the Interstate,5
1267,Four Tequilas Down,5
1262,Forget Your Name,5
925,Don't Start Now,5
4369,What You Do,5
